OL01__BD_0220, OL01__BD_0340, OL01__BD_0460, OL01__BD_0580, OL01__BD_0700, OL01__BD_0820, OL01__BD_0940, OL01__BD_1060, OL01__BD_1180, OL01__BD_1300, OL01__BD_1420, OL01__BD_1540, OL01__BD_1660, OL01__BD_1780, OL01__BD_1900, OL01__BD_2020, OL01__BD_2140, OL01__BD_2260, OL01__BD_2380, OL01__BD_2500, OL01__BD_2620, OL01__BD_2740, OL01__BD_2860, OL01__BD_2980, OL01__BD_3100, OL01__BD_3220, OL01__BD_3340, OL01__BD_3460, OL01__BD_3580, OL01__BD_3700, OL01__BD_3820, OL01__BD_3940
OL02__BD_0220, OL02__BD_0340, OL02__BD_0460, OL02__BD_0580, OL02__BD_0700, OL02__BD_0820, OL02__BD_0940, OL02__BD_1060, OL02__BD_1180, OL02__BD_1300, OL02__BD_1420, OL02__BD_1540, OL02__BD_1660, OL02__BD_1780, OL02__BD_1900, OL02__BD_2020, OL02__BD_2140, OL02__BD_2260, OL02__BD_2380, OL02__BD_2500, OL02__BD_2620, OL02__BD_2740, OL02__BD_2860, OL02__BD_2980, OL02__BD_3100, OL02__BD_3220, OL02__BD_3340, OL02__BD_3460, OL02__BD_3580, OL02__BD_3700, OL02__BD_3820, OL02__BD_3940
OL03__BD_0220, OL03__BD_0340, OL03__BD_0460, OL03__BD_0580, OL03__BD_0700, OL03__BD_0820, OL03__BD_0940, OL03__BD_1060, OL03__BD_1180, OL03__BD_1300, OL03__BD_1420, OL03__BD_1540, OL03__BD_1660, OL03__BD_1780, OL03__BD_1900, OL03__BD_2020, OL03__BD_2140, OL03__BD_2260, OL03__BD_2380, OL03__BD_2500, OL03__BD_2620, OL03__BD_2740, OL03__BD_2860, OL03__BD_2980, OL03__BD_3100, OL03__BD_3220, OL03__BD_3340, OL03__BD_3460, OL03__BD_3580, OL03__BD_3700, OL03__BD_3820, OL03__BD_3940
OL04__BD_0220, OL04__BD_0340, OL04__BD_0460, OL04__BD_0580, OL04__BD_0700, OL04__BD_0820, OL04__BD_0940, OL04__BD_1060, OL04__BD_1180, OL04__BD_1300, OL04__BD_1420, OL04__BD_1540, OL04__BD_1660, OL04__BD_1780, OL04__BD_1900, OL04__BD_2020, OL04__BD_2140, OL04__BD_2260, OL04__BD_2380, OL04__BD_2500, OL04__BD_2620, OL04__BD_2740, OL04__BD_2860, OL04__BD_2980, OL04__BD_3100, OL04__BD_3220, OL04__BD_3340, OL04__BD_3460, OL04__BD_3580, OL04__BD_3700, OL04__BD_3820, OL04__BD_3940
OL05__BD_0220, OL05__BD_0340, OL05__BD_0460, OL05__BD_0580, OL05__BD_0700, OL05__BD_0820, OL05__BD_0940, OL05__BD_1060, OL05__BD_1180, OL05__BD_1300, OL05__BD_1420, OL05__BD_1540, OL05__BD_1660, OL05__BD_1780, OL05__BD_1900, OL05__BD_2020, OL05__BD_2140, OL05__BD_2260, OL05__BD_2380, OL05__BD_2500, OL05__BD_2620, OL05__BD_2740, OL05__BD_2860, OL05__BD_2980, OL05__BD_3100, OL05__BD_3220, OL05__BD_3340, OL05__BD_3460, OL05__BD_3580, OL05__BD_3700, OL05__BD_3820, OL05__BD_3940
OL06__BD_0220, OL06__BD_0340, OL06__BD_0460, OL06__BD_0580, OL06__BD_0700, OL06__BD_0820, OL06__BD_0940, OL06__BD_1060, OL06__BD_1180, OL06__BD_1300, OL06__BD_1420, OL06__BD_1540, OL06__BD_1660, OL06__BD_1780, OL06__BD_1900, OL06__BD_2020, OL06__BD_2140, OL06__BD_2260, OL06__BD_2380, OL06__BD_2500, OL06__BD_2620, OL06__BD_2740, OL06__BD_2860, OL06__BD_2980, OL06__BD_3100, OL06__BD_3220, OL06__BD_3340, OL06__BD_3460, OL06__BD_3580, OL06__BD_3700, OL06__BD_3820, OL06__BD_3940
OL07__BD_0220, OL07__BD_0340, OL07__BD_0460, OL07__BD_0580, OL07__BD_0700, OL07__BD_0820, OL07__BD_0940, OL07__BD_1060, OL07__BD_1180, OL07__BD_1300, OL07__BD_1420, OL07__BD_1540, OL07__BD_1660, OL07__BD_1780, OL07__BD_1900, OL07__BD_2020, OL07__BD_2140, OL07__BD_2260, OL07__BD_2380, OL07__BD_2500, OL07__BD_2620, OL07__BD_2740, OL07__BD_2860, OL07__BD_2980, OL07__BD_3100, OL07__BD_3220, OL07__BD_3340, OL07__BD_3460, OL07__BD_3580, OL07__BD_3700, OL07__BD_3820, OL07__BD_3940
OL08__BD_0220, OL08__BD_0340, OL08__BD_0460, OL08__BD_0580, OL08__BD_0700, OL08__BD_0820, OL08__BD_0940, OL08__BD_1060, OL08__BD_1180, OL08__BD_1300, OL08__BD_1420, OL08__BD_1540, OL08__BD_1660, OL08__BD_1780, OL08__BD_1900, OL08__BD_2020, OL08__BD_2140, OL08__BD_2260, OL08__BD_2380, OL08__BD_2500, OL08__BD_2620, OL08__BD_2740, OL08__BD_2860, OL08__BD_2980, OL08__BD_3100, OL08__BD_3220, OL08__BD_3340, OL08__BD_3460, OL08__BD_3580, OL08__BD_3700, OL08__BD_3820, OL08__BD_3940
OL09__BD_0220, OL09__BD_0340, OL09__BD_0460, OL09__BD_0580, OL09__BD_0700, OL09__BD_0820, OL09__BD_0940, OL09__BD_1060, OL09__BD_1180, OL09__BD_1300, OL09__BD_1420, OL09__BD_1540, OL09__BD_1660, OL09__BD_1780, OL09__BD_1900, OL09__BD_2020, OL09__BD_2140, OL09__BD_2260, OL09__BD_2380, OL09__BD_2500, OL09__BD_2620, OL09__BD_2740, OL09__BD_2860, OL09__BD_2980, OL09__BD_3100, OL09__BD_3220, OL09__BD_3340, OL09__BD_3460, OL09__BD_3580, OL09__BD_3700, OL09__BD_3820, OL09__BD_3940
OL10__BD_0220, OL10__BD_0340, OL10__BD_0460, OL10__BD_0580, OL10__BD_0700, OL10__BD_0820, OL10__BD_0940, OL10__BD_1060, OL10__BD_1180, OL10__BD_1300, OL10__BD_1420, OL10__BD_1540, OL10__BD_1660, OL10__BD_1780, OL10__BD_1900, OL10__BD_2020, OL10__BD_2140, OL10__BD_2260, OL10__BD_2380, OL10__BD_2500, OL10__BD_2620, OL10__BD_2740, OL10__BD_2860, OL10__BD_2980, OL10__BD_3100, OL10__BD_3220, OL10__BD_3340, OL10__BD_3460, OL10__BD_3580, OL10__BD_3700, OL10__BD_3820, OL10__BD_3940
OL11__BD_0220, OL11__BD_0340, OL11__BD_0460, OL11__BD_0580, OL11__BD_0700, OL11__BD_0820, OL11__BD_0940, OL11__BD_1060, OL11__BD_1180, OL11__BD_1300, OL11__BD_1420, OL11__BD_1540, OL11__BD_1660, OL11__BD_1780, OL11__BD_1900, OL11__BD_2020, OL11__BD_2140, OL11__BD_2260, OL11__BD_2380, OL11__BD_2500, OL11__BD_2620, OL11__BD_2740, OL11__BD_2860, OL11__BD_2980, OL11__BD_3100, OL11__BD_3220, OL11__BD_3340, OL11__BD_3460, OL11__BD_3580, OL11__BD_3700, OL11__BD_3820, OL11__BD_3940
OL12__BD_0220, OL12__BD_0340, OL12__BD_0460, OL12__BD_0580, OL12__BD_0700, OL12__BD_0820, OL12__BD_0940, OL12__BD_1060, OL12__BD_1180, OL12__BD_1300, OL12__BD_1420, OL12__BD_1540, OL12__BD_1660, OL12__BD_1780, OL12__BD_1900, OL12__BD_2020, OL12__BD_2140, OL12__BD_2260, OL12__BD_2380, OL12__BD_2500, OL12__BD_2620, OL12__BD_2740, OL12__BD_2860, OL12__BD_2980, OL12__BD_3100, OL12__BD_3220, OL12__BD_3340, OL12__BD_3460, OL12__BD_3580, OL12__BD_3700, OL12__BD_3820, OL12__BD_3940
OL13__BD_0220, OL13__BD_0340, OL13__BD_0460, OL13__BD_0580, OL13__BD_0700, OL13__BD_0820, OL13__BD_0940, OL13__BD_1060, OL13__BD_1180, OL13__BD_1300, OL13__BD_1420, OL13__BD_1540, OL13__BD_1660, OL13__BD_1780, OL13__BD_1900, OL13__BD_2020, OL13__BD_2140, OL13__BD_2260, OL13__BD_2380, OL13__BD_2500, OL13__BD_2620, OL13__BD_2740, OL13__BD_2860, OL13__BD_2980, OL13__BD_3100, OL13__BD_3220, OL13__BD_3340, OL13__BD_3460, OL13__BD_3580, OL13__BD_3700, OL13__BD_3820, OL13__BD_3940
OL14__BD_0220, OL14__BD_0340, OL14__BD_0460, OL14__BD_0580, OL14__BD_0700, OL14__BD_0820, OL14__BD_0940, OL14__BD_1060, OL14__BD_1180, OL14__BD_1300, OL14__BD_1420, OL14__BD_1540, OL14__BD_1660, OL14__BD_1780, OL14__BD_1900, OL14__BD_2020, OL14__BD_2140, OL14__BD_2260, OL14__BD_2380, OL14__BD_2500, OL14__BD_2620, OL14__BD_2740, OL14__BD_2860, OL14__BD_2980, OL14__BD_3100, OL14__BD_3220, OL14__BD_3340, OL14__BD_3460, OL14__BD_3580, OL14__BD_3700, OL14__BD_3820, OL14__BD_3940
OL15__BD_0220, OL15__BD_0340, OL15__BD_0460, OL15__BD_0580, OL15__BD_0700, OL15__BD_0820, OL15__BD_0940, OL15__BD_1060, OL15__BD_1180, OL15__BD_1300, OL15__BD_1420, OL15__BD_1540, OL15__BD_1660, OL15__BD_1780, OL15__BD_1900, OL15__BD_2020, OL15__BD_2140, OL15__BD_2260, OL15__BD_2380, OL15__BD_2500, OL15__BD_2620, OL15__BD_2740, OL15__BD_2860, OL15__BD_2980, OL15__BD_3100, OL15__BD_3220, OL15__BD_3340, OL15__BD_3460, OL15__BD_3580, OL15__BD_3700, OL15__BD_3820, OL15__BD_3940
OL16__BD_0220, OL16__BD_0340, OL16__BD_0460, OL16__BD_0580, OL16__BD_0700, OL16__BD_0820, OL16__BD_0940, OL16__BD_1060, OL16__BD_1180, OL16__BD_1300, OL16__BD_1420, OL16__BD_1540, OL16__BD_1660, OL16__BD_1780, OL16__BD_1900, OL16__BD_2020, OL16__BD_2140, OL16__BD_2260, OL16__BD_2380, OL16__BD_2500, OL16__BD_2620, OL16__BD_2740, OL16__BD_2860, OL16__BD_2980, OL16__BD_3100, OL16__BD_3220, OL16__BD_3340, OL16__BD_3460, OL16__BD_3580, OL16__BD_3700, OL16__BD_3820, OL16__BD_3940
OL17__BD_0220, OL17__BD_0340, OL17__BD_0460, OL17__BD_0580, OL17__BD_0700, OL17__BD_0820, OL17__BD_0940, OL17__BD_1060, OL17__BD_1180, OL17__BD_1300, OL17__BD_1420, OL17__BD_1540, OL17__BD_1660, OL17__BD_1780, OL17__BD_1900, OL17__BD_2020, OL17__BD_2140, OL17__BD_2260, OL17__BD_2380, OL17__BD_2500, OL17__BD_2620, OL17__BD_2740, OL17__BD_2860, OL17__BD_2980, OL17__BD_3100, OL17__BD_3220, OL17__BD_3340, OL17__BD_3460, OL17__BD_3580, OL17__BD_3700, OL17__BD_3820, OL17__BD_3940
OL18__BD_0220, OL18__BD_0340, OL18__BD_0460, OL18__BD_0580, OL18__BD_0700, OL18__BD_0820, OL18__BD_0940, OL18__BD_1060, OL18__BD_1180, OL18__BD_1300, OL18__BD_1420, OL18__BD_1540, OL18__BD_1660, OL18__BD_1780, OL18__BD_1900, OL18__BD_2020, OL18__BD_2140, OL18__BD_2260, OL18__BD_2380, OL18__BD_2500, OL18__BD_2620, OL18__BD_2740, OL18__BD_2860, OL18__BD_2980, OL18__BD_3100, OL18__BD_3220, OL18__BD_3340, OL18__BD_3460, OL18__BD_3580, OL18__BD_3700, OL18__BD_3820, OL18__BD_3940
OL19__BD_0220, OL19__BD_0340, OL19__BD_0460, OL19__BD_0580, OL19__BD_0700, OL19__BD_0820, OL19__BD_0940, OL19__BD_1060, OL19__BD_1180, OL19__BD_1300, OL19__BD_1420, OL19__BD_1540, OL19__BD_1660, OL19__BD_1780, OL19__BD_1900, OL19__BD_2020, OL19__BD_2140, OL19__BD_2260, OL19__BD_2380, OL19__BD_2500, OL19__BD_2620, OL19__BD_2740, OL19__BD_2860, OL19__BD_2980, OL19__BD_3100, OL19__BD_3220, OL19__BD_3340, OL19__BD_3460, OL19__BD_3580, OL19__BD_3700, OL19__BD_3820, OL19__BD_3940
OL20__BD_0220, OL20__BD_0340, OL20__BD_0460, OL20__BD_0580, OL20__BD_0700, OL20__BD_0820, OL20__BD_0940, OL20__BD_1060, OL20__BD_1180, OL20__BD_1300, OL20__BD_1420, OL20__BD_1540, OL20__BD_1660, OL20__BD_1780, OL20__BD_1900, OL20__BD_2020, OL20__BD_2140, OL20__BD_2260, OL20__BD_2380, OL20__BD_2500, OL20__BD_2620, OL20__BD_2740, OL20__BD_2860, OL20__BD_2980, OL20__BD_3100, OL20__BD_3220, OL20__BD_3340, OL20__BD_3460, OL20__BD_3580, OL20__BD_3700, OL20__BD_3820, OL20__BD_3940
OL21__BD_0220, OL21__BD_0340, OL21__BD_0460, OL21__BD_0580, OL21__BD_0700, OL21__BD_0820, OL21__BD_0940, OL21__BD_1060, OL21__BD_1180, OL21__BD_1300, OL21__BD_1420, OL21__BD_1540, OL21__BD_1660, OL21__BD_1780, OL21__BD_1900, OL21__BD_2020, OL21__BD_2140, OL21__BD_2260, OL21__BD_2380, OL21__BD_2500, OL21__BD_2620, OL21__BD_2740, OL21__BD_2860, OL21__BD_2980, OL21__BD_3100, OL21__BD_3220, OL21__BD_3340, OL21__BD_3460, OL21__BD_3580, OL21__BD_3700, OL21__BD_3820, OL21__BD_3940
OL22__BD_0220, OL22__BD_0340, OL22__BD_0460, OL22__BD_0580, OL22__BD_0700, OL22__BD_0820, OL22__BD_0940, OL22__BD_1060, OL22__BD_1180, OL22__BD_1300, OL22__BD_1420, OL22__BD_1540, OL22__BD_1660, OL22__BD_1780, OL22__BD_1900, OL22__BD_2020, OL22__BD_2140, OL22__BD_2260, OL22__BD_2380, OL22__BD_2500, OL22__BD_2620, OL22__BD_2740, OL22__BD_2860, OL22__BD_2980, OL22__BD_3100, OL22__BD_3220, OL22__BD_3340, OL22__BD_3460, OL22__BD_3580, OL22__BD_3700, OL22__BD_3820, OL22__BD_3940
OL23__BD_0220, OL23__BD_0340, OL23__BD_0460, OL23__BD_0580, OL23__BD_0700, OL23__BD_0820, OL23__BD_0940, OL23__BD_1060, OL23__BD_1180, OL23__BD_1300, OL23__BD_1420, OL23__BD_1540, OL23__BD_1660, OL23__BD_1780, OL23__BD_1900, OL23__BD_2020, OL23__BD_2140, OL23__BD_2260, OL23__BD_2380, OL23__BD_2500, OL23__BD_2620, OL23__BD_2740, OL23__BD_2860, OL23__BD_2980, OL23__BD_3100, OL23__BD_3220, OL23__BD_3340, OL23__BD_3460, OL23__BD_3580, OL23__BD_3700, OL23__BD_3820, OL23__BD_3940
OL24__BD_0220, OL24__BD_0340, OL24__BD_0460, OL24__BD_0580, OL24__BD_0700, OL24__BD_0820, OL24__BD_0940, OL24__BD_1060, OL24__BD_1180, OL24__BD_1300, OL24__BD_1420, OL24__BD_1540, OL24__BD_1660, OL24__BD_1780, OL24__BD_1900, OL24__BD_2020, OL24__BD_2140, OL24__BD_2260, OL24__BD_2380, OL24__BD_2500, OL24__BD_2620, OL24__BD_2740, OL24__BD_2860, OL24__BD_2980, OL24__BD_3100, OL24__BD_3220, OL24__BD_3340, OL24__BD_3460, OL24__BD_3580, OL24__BD_3700, OL24__BD_3820, OL24__BD_3940
OL25__BD_0220, OL25__BD_0340, OL25__BD_0460, OL25__BD_0580, OL25__BD_0700, OL25__BD_0820, OL25__BD_0940, OL25__BD_1060, OL25__BD_1180, OL25__BD_1300, OL25__BD_1420, OL25__BD_1540, OL25__BD_1660, OL25__BD_1780, OL25__BD_1900, OL25__BD_2020, OL25__BD_2140, OL25__BD_2260, OL25__BD_2380, OL25__BD_2500, OL25__BD_2620, OL25__BD_2740, OL25__BD_2860, OL25__BD_2980, OL25__BD_3100, OL25__BD_3220, OL25__BD_3340, OL25__BD_3460, OL25__BD_3580, OL25__BD_3700, OL25__BD_3820, OL25__BD_3940
OL26__BD_0220, OL26__BD_0340, OL26__BD_0460, OL26__BD_0580, OL26__BD_0700, OL26__BD_0820, OL26__BD_0940, OL26__BD_1060, OL26__BD_1180, OL26__BD_1300, OL26__BD_1420, OL26__BD_1540, OL26__BD_1660, OL26__BD_1780, OL26__BD_1900, OL26__BD_2020, OL26__BD_2140, OL26__BD_2260, OL26__BD_2380, OL26__BD_2500, OL26__BD_2620, OL26__BD_2740, OL26__BD_2860, OL26__BD_2980, OL26__BD_3100, OL26__BD_3220, OL26__BD_3340, OL26__BD_3460, OL26__BD_3580, OL26__BD_3700, OL26__BD_3820, OL26__BD_3940
OL27__BD_0220, OL27__BD_0340, OL27__BD_0460, OL27__BD_0580, OL27__BD_0700, OL27__BD_0820, OL27__BD_0940, OL27__BD_1060, OL27__BD_1180, OL27__BD_1300, OL27__BD_1420, OL27__BD_1540, OL27__BD_1660, OL27__BD_1780, OL27__BD_1900, OL27__BD_2020, OL27__BD_2140, OL27__BD_2260, OL27__BD_2380, OL27__BD_2500, OL27__BD_2620, OL27__BD_2740, OL27__BD_2860, OL27__BD_2980, OL27__BD_3100, OL27__BD_3220, OL27__BD_3340, OL27__BD_3460, OL27__BD_3580, OL27__BD_3700, OL27__BD_3820, OL27__BD_3940
OL28__BD_0220, OL28__BD_0340, OL28__BD_0460, OL28__BD_0580, OL28__BD_0700, OL28__BD_0820, OL28__BD_0940, OL28__BD_1060, OL28__BD_1180, OL28__BD_1300, OL28__BD_1420, OL28__BD_1540, OL28__BD_1660, OL28__BD_1780, OL28__BD_1900, OL28__BD_2020, OL28__BD_2140, OL28__BD_2260, OL28__BD_2380, OL28__BD_2500, OL28__BD_2620, OL28__BD_2740, OL28__BD_2860, OL28__BD_2980, OL28__BD_3100, OL28__BD_3220, OL28__BD_3340, OL28__BD_3460, OL28__BD_3580, OL28__BD_3700, OL28__BD_3820, OL28__BD_3940
OL29__BD_0220, OL29__BD_0340, OL29__BD_0460, OL29__BD_0580, OL29__BD_0700, OL29__BD_0820, OL29__BD_0940, OL29__BD_1060, OL29__BD_1180, OL29__BD_1300, OL29__BD_1420, OL29__BD_1540, OL29__BD_1660, OL29__BD_1780, OL29__BD_1900, OL29__BD_2020, OL29__BD_2140, OL29__BD_2260, OL29__BD_2380, OL29__BD_2500, OL29__BD_2620, OL29__BD_2740, OL29__BD_2860, OL29__BD_2980, OL29__BD_3100, OL29__BD_3220, OL29__BD_3340, OL29__BD_3460, OL29__BD_3580, OL29__BD_3700, OL29__BD_3820, OL29__BD_3940
OL30__BD_0220, OL30__BD_0340, OL30__BD_0460, OL30__BD_0580, OL30__BD_0700, OL30__BD_0820, OL30__BD_0940, OL30__BD_1060, OL30__BD_1180, OL30__BD_1300, OL30__BD_1420, OL30__BD_1540, OL30__BD_1660, OL30__BD_1780, OL30__BD_1900, OL30__BD_2020, OL30__BD_2140, OL30__BD_2260, OL30__BD_2380, OL30__BD_2500, OL30__BD_2620, OL30__BD_2740, OL30__BD_2860, OL30__BD_2980, OL30__BD_3100, OL30__BD_3220, OL30__BD_3340, OL30__BD_3460, OL30__BD_3580, OL30__BD_3700, OL30__BD_3820, OL30__BD_3940
OL31__BD_0220, OL31__BD_0340, OL31__BD_0460, OL31__BD_0580, OL31__BD_0700, OL31__BD_0820, OL31__BD_0940, OL31__BD_1060, OL31__BD_1180, OL31__BD_1300, OL31__BD_1420, OL31__BD_1540, OL31__BD_1660, OL31__BD_1780, OL31__BD_1900, OL31__BD_2020, OL31__BD_2140, OL31__BD_2260, OL31__BD_2380, OL31__BD_2500, OL31__BD_2620, OL31__BD_2740, OL31__BD_2860, OL31__BD_2980, OL31__BD_3100, OL31__BD_3220, OL31__BD_3340, OL31__BD_3460, OL31__BD_3580, OL31__BD_3700, OL31__BD_3820, OL31__BD_3940
OL32__BD_0220, OL32__BD_0340, OL32__BD_0460, OL32__BD_0580, OL32__BD_0700, OL32__BD_0820, OL32__BD_0940, OL32__BD_1060, OL32__BD_1180, OL32__BD_1300, OL32__BD_1420, OL32__BD_1540, OL32__BD_1660, OL32__BD_1780, OL32__BD_1900, OL32__BD_2020, OL32__BD_2140, OL32__BD_2260, OL32__BD_2380, OL32__BD_2500, OL32__BD_2620, OL32__BD_2740, OL32__BD_2860, OL32__BD_2980, OL32__BD_3100, OL32__BD_3220, OL32__BD_3340, OL32__BD_3460, OL32__BD_3580, OL32__BD_3700, OL32__BD_3820, OL32__BD_3940
